division,conference,school_name,roster_urlFBS (Division I-A Teams),American Athletic,Cincinnati,http://espn.go.com/ncf/teams/roster?teamId=2132FBS (Division I-A Teams),American Athletic,Connecticut,http://espn.go.com/ncf/teams/roster?teamId=41FBS (Division I-A Teams),American Athletic,Houston,http://espn.go.com/ncf/teams/roster?teamId=248FBS (Division I-A Teams),American Athletic,Louisville,http://espn.go.com/ncf/teams/roster?teamId=97FBS (Division I-A Teams),American Athletic,Memphis,http://espn.go.com/ncf/teams/roster?teamId=235FBS (Division I-A Teams),American Athletic,Rutgers,http://espn.go.com/ncf/teams/roster?teamId=164FBS (Division I-A Teams),American Athletic,South Florida,http://espn.go.com/ncf/teams/roster?teamId=58FBS (Division I-A Teams),American Athletic,Southern Methodist,http://espn.go.com/ncf/teams/roster?teamId=2567FBS (Division I-A Teams),American Athletic,Temple,http://espn.go.com/ncf/teams/roster?teamId=218FBS (Division I-A Teams),American Athletic,UCF,http://espn.go.com/ncf/teams/roster?teamId=2116FBS (Division I-A Teams),ACC,Boston College,http://espn.go.com/ncf/teams/roster?teamId=103FBS (Division I-A Teams),ACC,Clemson,http://espn.go.com/ncf/teams/roster?teamId=228FBS (Division I-A Teams),ACC,Duke,http://espn.go.com/ncf/teams/roster?teamId=150FBS (Division I-A Teams),ACC,Florida State,http://espn.go.com/ncf/teams/roster?teamId=52FBS (Division I-A Teams),ACC,Georgia Tech,http://espn.go.com/ncf/teams/roster?teamId=59FBS (Division I-A Teams),ACC,Maryland,http://espn.go.com/ncf/teams/roster?teamId=120FBS (Division I-A Teams),ACC,Miami (FL),http://espn.go.com/ncf/teams/roster?teamId=2390FBS (Division I-A Teams),ACC,North Carolina,http://espn.go.com/ncf/teams/roster?teamId=153FBS (Division I-A Teams),ACC,North Carolina State,http://espn.go.com/ncf/teams/roster?teamId=152FBS (Division I-A Teams),ACC,Pittsburgh,http://espn.go.com/ncf/teams/roster?teamId=221FBS (Division I-A Teams),ACC,Syracuse,http://espn.go.com/ncf/teams/roster?teamId=183FBS (Division I-A Teams),ACC,Virginia,http://espn.go.com/ncf/teams/roster?teamId=258FBS (Division I-A Teams),ACC,Virginia Tech,http://espn.go.com/ncf/teams/roster?teamId=259FBS (Division I-A Teams),ACC,Wake Forest,http://espn.go.com/ncf/teams/roster?teamId=154FBS (Division I-A Teams),Big 12,Baylor,http://espn.go.com/ncf/teams/roster?teamId=239FBS (Division I-A Teams),Big 12,Iowa State,http://espn.go.com/ncf/teams/roster?teamId=66FBS (Division I-A Teams),Big 12,Kansas,http://espn.go.com/ncf/teams/roster?teamId=2305FBS (Division I-A Teams),Big 12,Kansas State,http://espn.go.com/ncf/teams/roster?teamId=2306FBS (Division I-A Teams),Big 12,Oklahoma,http://espn.go.com/ncf/teams/roster?teamId=201FBS (Division I-A Teams),Big 12,Oklahoma State,http://espn.go.com/ncf/teams/roster?teamId=197FBS (Division I-A Teams),Big 12,TCU,http://espn.go.com/ncf/teams/roster?teamId=2628FBS (Division I-A Teams),Big 12,Texas,http://espn.go.com/ncf/teams/roster?teamId=251FBS (Division I-A Teams),Big 12,Texas Tech,http://espn.go.com/ncf/teams/roster?teamId=2641FBS (Division I-A Teams),Big 12,West Virginia,http://espn.go.com/ncf/teams/roster?teamId=277FBS (Division I-A Teams),Big Ten,Illinois,http://espn.go.com/ncf/teams/roster?teamId=356FBS (Division I-A Teams),Big Ten,Indiana,http://espn.go.com/ncf/teams/roster?teamId=84FBS (Division I-A Teams),Big Ten,Iowa,http://espn.go.com/ncf/teams/roster?teamId=2294FBS (Division I-A Teams),Big Ten,Michigan,http://espn.go.com/ncf/teams/roster?teamId=130FBS (Division I-A Teams),Big Ten,Michigan State,http://espn.go.com/ncf/teams/roster?teamId=127FBS (Division I-A Teams),Big Ten,Minnesota,http://espn.go.com/ncf/teams/roster?teamId=135FBS (Division I-A Teams),Big Ten,Nebraska,http://espn.go.com/ncf/teams/roster?teamId=158FBS (Division I-A Teams),Big Ten,Northwestern,http://espn.go.com/ncf/teams/roster?teamId=77FBS (Division I-A Teams),Big Ten,Ohio State,http://espn.go.com/ncf/teams/roster?teamId=194FBS (Division I-A Teams),Big Ten,Penn State,http://espn.go.com/ncf/teams/roster?teamId=213FBS (Division I-A Teams),Big Ten,Purdue,http://espn.go.com/ncf/teams/roster?teamId=2509FBS (Division I-A Teams),Big Ten,Wisconsin,http://espn.go.com/ncf/teams/roster?teamId=275FBS (Division I-A Teams),Conference USA,East Carolina,http://espn.go.com/ncf/teams/roster?teamId=151FBS (Division I-A Teams),Conference USA,Florida Atlantic,http://espn.go.com/ncf/teams/roster?teamId=2226FBS (Division I-A Teams),Conference USA,Florida International,http://espn.go.com/ncf/teams/roster?teamId=2229FBS (Division I-A Teams),Conference USA,Louisiana Tech,http://espn.go.com/ncf/teams/roster?teamId=2348FBS (Division I-A Teams),Conference USA,Marshall,http://espn.go.com/ncf/teams/roster?teamId=276FBS (Division I-A Teams),Conference USA,Middle Tennessee,http://espn.go.com/ncf/teams/roster?teamId=2393FBS (Division I-A Teams),Conference USA,North Texas,http://espn.go.com/ncf/teams/roster?teamId=249FBS (Division I-A Teams),Conference USA,Rice,http://espn.go.com/ncf/teams/roster?teamId=242FBS (Division I-A Teams),Conference USA,Southern Miss,http://espn.go.com/ncf/teams/roster?teamId=2572FBS (Division I-A Teams),Conference USA,Tulane,http://espn.go.com/ncf/teams/roster?teamId=2655FBS (Division I-A Teams),Conference USA,Tulsa,http://espn.go.com/ncf/teams/roster?teamId=202FBS (Division I-A Teams),Conference USA,UAB,http://espn.go.com/ncf/teams/roster?teamId=5FBS (Division I-A Teams),Conference USA,UTEP,http://espn.go.com/ncf/teams/roster?teamId=2638FBS (Division I-A Teams),Conference USA,UTSA,http://espn.go.com/ncf/teams/roster?teamId=2636FBS (Division I-A Teams),FBS Independents,Army,http://espn.go.com/ncf/teams/roster?teamId=349FBS (Division I-A Teams),FBS Independents,Brigham Young,http://espn.go.com/ncf/teams/roster?teamId=252FBS (Division I-A Teams),FBS Independents,Idaho,http://espn.go.com/ncf/teams/roster?teamId=70FBS (Division I-A Teams),FBS Independents,Navy,http://espn.go.com/ncf/teams/roster?teamId=2426FBS (Division I-A Teams),FBS Independents,New Mexico State,http://espn.go.com/ncf/teams/roster?teamId=166FBS (Division I-A Teams),FBS Independents,Notre Dame,http://espn.go.com/ncf/teams/roster?teamId=87FBS (Division I-A Teams),FBS Independents,Old Dominion,http://espn.go.com/ncf/teams/roster?teamId=295FBS (Division I-A Teams),Mid-American,Akron,http://espn.go.com/ncf/teams/roster?teamId=2006FBS (Division I-A Teams),Mid-American,Ball State,http://espn.go.com/ncf/teams/roster?teamId=2050FBS (Division I-A Teams),Mid-American,Bowling Green,http://espn.go.com/ncf/teams/roster?teamId=189FBS (Division I-A Teams),Mid-American,Buffalo,http://espn.go.com/ncf/teams/roster?teamId=2084FBS (Division I-A Teams),Mid-American,Central Michigan,http://espn.go.com/ncf/teams/roster?teamId=2117FBS (Division I-A Teams),Mid-American,Eastern Michigan,http://espn.go.com/ncf/teams/roster?teamId=2199FBS (Division I-A Teams),Mid-American,Kent State,http://espn.go.com/ncf/teams/roster?teamId=2309FBS (Division I-A Teams),Mid-American,Massachusetts,http://espn.go.com/ncf/teams/roster?teamId=113FBS (Division I-A Teams),Mid-American,Miami (OH),http://espn.go.com/ncf/teams/roster?teamId=193FBS (Division I-A Teams),Mid-American,Northern Illinois,http://espn.go.com/ncf/teams/roster?teamId=2459FBS (Division I-A Teams),Mid-American,Ohio,http://espn.go.com/ncf/teams/roster?teamId=195FBS (Division I-A Teams),Mid-American,Toledo,http://espn.go.com/ncf/teams/roster?teamId=2649FBS (Division I-A Teams),Mid-American,Western Michigan,http://espn.go.com/ncf/teams/roster?teamId=2711FBS (Division I-A Teams),Mountain West,Air Force,http://espn.go.com/ncf/teams/roster?teamId=2005FBS (Division I-A Teams),Mountain West,Boise State,http://espn.go.com/ncf/teams/roster?teamId=68FBS (Division I-A Teams),Mountain West,Colorado State,http://espn.go.com/ncf/teams/roster?teamId=36FBS (Division I-A Teams),Mountain West,Fresno State,http://espn.go.com/ncf/teams/roster?teamId=278FBS (Division I-A Teams),Mountain West,Hawaii,http://espn.go.com/ncf/teams/roster?teamId=62FBS (Division I-A Teams),Mountain West,Nevada,http://espn.go.com/ncf/teams/roster?teamId=2440FBS (Division I-A Teams),Mountain West,New Mexico,http://espn.go.com/ncf/teams/roster?teamId=167FBS (Division I-A Teams),Mountain West,San Diego State,http://espn.go.com/ncf/teams/roster?teamId=21FBS (Division I-A Teams),Mountain West,San Jose State,http://espn.go.com/ncf/teams/roster?teamId=23FBS (Division I-A Teams),Mountain West,UNLV,http://espn.go.com/ncf/teams/roster?teamId=2439FBS (Division I-A Teams),Mountain West,Utah State,http://espn.go.com/ncf/teams/roster?teamId=328FBS (Division I-A Teams),Mountain West,Wyoming,http://espn.go.com/ncf/teams/roster?teamId=2751FBS (Division I-A Teams),Pac-12,Arizona,http://espn.go.com/ncf/teams/roster?teamId=12FBS (Division I-A Teams),Pac-12,Arizona State,http://espn.go.com/ncf/teams/roster?teamId=9FBS (Division I-A Teams),Pac-12,California,http://espn.go.com/ncf/teams/roster?teamId=25FBS (Division I-A Teams),Pac-12,Colorado,http://espn.go.com/ncf/teams/roster?teamId=38FBS (Division I-A Teams),Pac-12,Oregon,http://espn.go.com/ncf/teams/roster?teamId=2483FBS (Division I-A Teams),Pac-12,Oregon State,http://espn.go.com/ncf/teams/roster?teamId=204FBS (Division I-A Teams),Pac-12,Stanford,http://espn.go.com/ncf/teams/roster?teamId=24FBS (Division I-A Teams),Pac-12,UCLA,http://espn.go.com/ncf/teams/roster?teamId=26FBS (Division I-A Teams),Pac-12,USC,http://espn.go.com/ncf/teams/roster?teamId=30FBS (Division I-A Teams),Pac-12,Utah,http://espn.go.com/ncf/teams/roster?teamId=254FBS (Division I-A Teams),Pac-12,Washington,http://espn.go.com/ncf/teams/roster?teamId=264FBS (Division I-A Teams),Pac-12,Washington State,http://espn.go.com/ncf/teams/roster?teamId=265FBS (Division I-A Teams),SEC,Alabama,http://espn.go.com/ncf/teams/roster?teamId=333FBS (Division I-A Teams),SEC,Arkansas,http://espn.go.com/ncf/teams/roster?teamId=8FBS (Division I-A Teams),SEC,Auburn,http://espn.go.com/ncf/teams/roster?teamId=2FBS (Division I-A Teams),SEC,Florida,http://espn.go.com/ncf/teams/roster?teamId=57FBS (Division I-A Teams),SEC,Georgia,http://espn.go.com/ncf/teams/roster?teamId=61FBS (Division I-A Teams),SEC,Kentucky,http://espn.go.com/ncf/teams/roster?teamId=96FBS (Division I-A Teams),SEC,LSU,http://espn.go.com/ncf/teams/roster?teamId=99FBS (Division I-A Teams),SEC,Mississippi State,http://espn.go.com/ncf/teams/roster?teamId=344FBS (Division I-A Teams),SEC,Missouri,http://espn.go.com/ncf/teams/roster?teamId=142FBS (Division I-A Teams),SEC,Ole Miss,http://espn.go.com/ncf/teams/roster?teamId=145FBS (Division I-A Teams),SEC,South Carolina,http://espn.go.com/ncf/teams/roster?teamId=2579FBS (Division I-A Teams),SEC,Tennessee,http://espn.go.com/ncf/teams/roster?teamId=2633FBS (Division I-A Teams),SEC,Texas A&M,http://espn.go.com/ncf/teams/roster?teamId=245FBS (Division I-A Teams),SEC,Vanderbilt,http://espn.go.com/ncf/teams/roster?teamId=238FBS (Division I-A Teams),Sun Belt,Arkansas State,http://espn.go.com/ncf/teams/roster?teamId=2032FBS (Division I-A Teams),Sun Belt,Georgia State,http://espn.go.com/ncf/teams/roster?teamId=2247FBS (Division I-A Teams),Sun Belt,Louisiana-Lafayette,http://espn.go.com/ncf/teams/roster?teamId=309FBS (Division I-A Teams),Sun Belt,Louisiana-Monroe,http://espn.go.com/ncf/teams/roster?teamId=2433FBS (Division I-A Teams),Sun Belt,South Alabama,http://espn.go.com/ncf/teams/roster?teamId=6FBS (Division I-A Teams),Sun Belt,Texas State,http://espn.go.com/ncf/teams/roster?teamId=326FBS (Division I-A Teams),Sun Belt,Troy,http://espn.go.com/ncf/teams/roster?teamId=2653FBS (Division I-A Teams),Sun Belt,Western Kentucky,http://espn.go.com/ncf/teams/roster?teamId=98FCS (Division I-AA Teams),Big Sky,Cal Poly,http://espn.go.com/ncf/teams/roster?teamId=13FCS (Division I-AA Teams),Big Sky,Eastern Washington,http://espn.go.com/ncf/teams/roster?teamId=331FCS (Division I-AA Teams),Big Sky,Idaho State,http://espn.go.com/ncf/teams/roster?teamId=304FCS (Division I-AA Teams),Big Sky,Montana,http://espn.go.com/ncf/teams/roster?teamId=149FCS (Division I-AA Teams),Big Sky,Montana State,http://espn.go.com/ncf/teams/roster?teamId=147FCS (Division I-AA Teams),Big Sky,North Dakota,http://espn.go.com/ncf/teams/roster?teamId=155FCS (Division I-AA Teams),Big Sky,Northern Arizona,http://espn.go.com/ncf/teams/roster?teamId=2464FCS (Division I-AA Teams),Big Sky,Northern Colorado,http://espn.go.com/ncf/teams/roster?teamId=2458FCS (Division I-AA Teams),Big Sky,Portland State,http://espn.go.com/ncf/teams/roster?teamId=2502FCS (Division I-AA Teams),Big Sky,Sacramento State,http://espn.go.com/ncf/teams/roster?teamId=16FCS (Division I-AA Teams),Big Sky,Southern Utah,http://espn.go.com/ncf/teams/roster?teamId=253FCS (Division I-AA Teams),Big Sky,UC Davis,http://espn.go.com/ncf/teams/roster?teamId=302FCS (Division I-AA Teams),Big Sky,Weber State,http://espn.go.com/ncf/teams/roster?teamId=2692FCS (Division I-AA Teams),Big South,Charleston Southern,http://espn.go.com/ncf/teams/roster?teamId=2127FCS (Division I-AA Teams),Big South,Coastal Carolina,http://espn.go.com/ncf/teams/roster?teamId=324FCS (Division I-AA Teams),Big South,Gardner-Webb,http://espn.go.com/ncf/teams/roster?teamId=2241FCS (Division I-AA Teams),Big South,Liberty,http://espn.go.com/ncf/teams/roster?teamId=2335FCS (Division I-AA Teams),Big South,Presbyterian,http://espn.go.com/ncf/teams/roster?teamId=2506FCS (Division I-AA Teams),Big South,Virginia Military Institute,http://espn.go.com/ncf/teams/roster?teamId=2678FCS (Division I-AA Teams),CAA,Albany,http://espn.go.com/ncf/teams/roster?teamId=399FCS (Division I-AA Teams),CAA,Delaware,http://espn.go.com/ncf/teams/roster?teamId=48FCS (Division I-AA Teams),CAA,James Madison,http://espn.go.com/ncf/teams/roster?teamId=256FCS (Division I-AA Teams),CAA,Maine,http://espn.go.com/ncf/teams/roster?teamId=311FCS (Division I-AA Teams),CAA,New Hampshire,http://espn.go.com/ncf/teams/roster?teamId=160FCS (Division I-AA Teams),CAA,Rhode Island,http://espn.go.com/ncf/teams/roster?teamId=227FCS (Division I-AA Teams),CAA,Richmond,http://espn.go.com/ncf/teams/roster?teamId=257FCS (Division I-AA Teams),CAA,Stony Brook,http://espn.go.com/ncf/teams/roster?teamId=2619FCS (Division I-AA Teams),CAA,Towson,http://espn.go.com/ncf/teams/roster?teamId=119FCS (Division I-AA Teams),CAA,Villanova,http://espn.go.com/ncf/teams/roster?teamId=222FCS (Division I-AA Teams),CAA,William & Mary,http://espn.go.com/ncf/teams/roster?teamId=2729FCS (Division I-AA Teams),FCS Independents,Abilene Christian,http://espn.go.com/ncf/teams/roster?teamId=2000FCS (Division I-AA Teams),FCS Independents,Charlotte,http://espn.go.com/ncf/teams/roster?teamId=2429FCS (Division I-AA Teams),FCS Independents,Houston Baptist,http://espn.go.com/ncf/teams/roster?teamId=2277FCS (Division I-AA Teams),FCS Independents,Incarnate Word,http://espn.go.com/ncf/teams/roster?teamId=2916FCS (Division I-AA Teams),FCS Independents,Monmouth,http://espn.go.com/ncf/teams/roster?teamId=2405FCS (Division I-AA Teams),Ivy,Brown,http://espn.go.com/ncf/teams/roster?teamId=225FCS (Division I-AA Teams),Ivy,Columbia,http://espn.go.com/ncf/teams/roster?teamId=171FCS (Division I-AA Teams),Ivy,Cornell,http://espn.go.com/ncf/teams/roster?teamId=172FCS (Division I-AA Teams),Ivy,Dartmouth,http://espn.go.com/ncf/teams/roster?teamId=159FCS (Division I-AA Teams),Ivy,Harvard,http://espn.go.com/ncf/teams/roster?teamId=108FCS (Division I-AA Teams),Ivy,Pennsylvania,http://espn.go.com/ncf/teams/roster?teamId=219FCS (Division I-AA Teams),Ivy,Princeton,http://espn.go.com/ncf/teams/roster?teamId=163FCS (Division I-AA Teams),Ivy,Yale,http://espn.go.com/ncf/teams/roster?teamId=43FCS (Division I-AA Teams),MEAC,Bethune-Cookman,http://espn.go.com/ncf/teams/roster?teamId=2065FCS (Division I-AA Teams),MEAC,Delaware State,http://espn.go.com/ncf/teams/roster?teamId=2169FCS (Division I-AA Teams),MEAC,Florida A&M,http://espn.go.com/ncf/teams/roster?teamId=50FCS (Division I-AA Teams),MEAC,Hampton,http://espn.go.com/ncf/teams/roster?teamId=2261FCS (Division I-AA Teams),MEAC,Howard,http://espn.go.com/ncf/teams/roster?teamId=47FCS (Division I-AA Teams),MEAC,Morgan State,http://espn.go.com/ncf/teams/roster?teamId=2415FCS (Division I-AA Teams),MEAC,NC Central,http://espn.go.com/ncf/teams/roster?teamId=2428FCS (Division I-AA Teams),MEAC,Norfolk State,http://espn.go.com/ncf/teams/roster?teamId=2450FCS (Division I-AA Teams),MEAC,North Carolina A&T,http://espn.go.com/ncf/teams/roster?teamId=2448FCS (Division I-AA Teams),MEAC,Savannah State,http://espn.go.com/ncf/teams/roster?teamId=2542FCS (Division I-AA Teams),MEAC,South Carolina State,http://espn.go.com/ncf/teams/roster?teamId=2569FCS (Division I-AA Teams),Missouri Valley,Illinois State,http://espn.go.com/ncf/teams/roster?teamId=2287FCS (Division I-AA Teams),Missouri Valley,Indiana State,http://espn.go.com/ncf/teams/roster?teamId=282FCS (Division I-AA Teams),Missouri Valley,Missouri State,http://espn.go.com/ncf/teams/roster?teamId=2623FCS (Division I-AA Teams),Missouri Valley,North Dakota State,http://espn.go.com/ncf/teams/roster?teamId=2449FCS (Division I-AA Teams),Missouri Valley,Northern Iowa,http://espn.go.com/ncf/teams/roster?teamId=2460FCS (Division I-AA Teams),Missouri Valley,South Dakota,http://espn.go.com/ncf/teams/roster?teamId=233FCS (Division I-AA Teams),Missouri Valley,South Dakota State,http://espn.go.com/ncf/teams/roster?teamId=2571FCS (Division I-AA Teams),Missouri Valley,Southern Illinois,http://espn.go.com/ncf/teams/roster?teamId=79FCS (Division I-AA Teams),Missouri Valley,Western Illinois,http://espn.go.com/ncf/teams/roster?teamId=2710FCS (Division I-AA Teams),Missouri Valley,Youngstown State,http://espn.go.com/ncf/teams/roster?teamId=2754FCS (Division I-AA Teams),Northeast,Bryant,http://espn.go.com/ncf/teams/roster?teamId=2803FCS (Division I-AA Teams),Northeast,Central Connecticut State,http://espn.go.com/ncf/teams/roster?teamId=2115FCS (Division I-AA Teams),Northeast,Duquesne,http://espn.go.com/ncf/teams/roster?teamId=2184FCS (Division I-AA Teams),Northeast,Robert Morris,http://espn.go.com/ncf/teams/roster?teamId=2523FCS (Division I-AA Teams),Northeast,Sacred Heart,http://espn.go.com/ncf/teams/roster?teamId=2529FCS (Division I-AA Teams),Northeast,St. Francis U,http://espn.go.com/ncf/teams/roster?teamId=2598FCS (Division I-AA Teams),Northeast,Wagner,http://espn.go.com/ncf/teams/roster?teamId=2681FCS (Division I-AA Teams),Ohio Valley,Austin Peay,http://espn.go.com/ncf/teams/roster?teamId=2046FCS (Division I-AA Teams),Ohio Valley,Eastern Illinois,http://espn.go.com/ncf/teams/roster?teamId=2197FCS (Division I-AA Teams),Ohio Valley,Eastern Kentucky,http://espn.go.com/ncf/teams/roster?teamId=2198FCS (Division I-AA Teams),Ohio Valley,Jacksonville State,http://espn.go.com/ncf/teams/roster?teamId=55FCS (Division I-AA Teams),Ohio Valley,Murray State,http://espn.go.com/ncf/teams/roster?teamId=93FCS (Division I-AA Teams),Ohio Valley,Southeast Missouri State,http://espn.go.com/ncf/teams/roster?teamId=2546FCS (Division I-AA Teams),Ohio Valley,Tennessee State,http://espn.go.com/ncf/teams/roster?teamId=2634FCS (Division I-AA Teams),Ohio Valley,Tennessee Tech,http://espn.go.com/ncf/teams/roster?teamId=2635FCS (Division I-AA Teams),Ohio Valley,Tennessee-Martin,http://espn.go.com/ncf/teams/roster?teamId=2630FCS (Division I-AA Teams),Patriot League,Bucknell,http://espn.go.com/ncf/teams/roster?teamId=2083FCS (Division I-AA Teams),Patriot League,Colgate,http://espn.go.com/ncf/teams/roster?teamId=2142FCS (Division I-AA Teams),Patriot League,Fordham,http://espn.go.com/ncf/teams/roster?teamId=2230FCS (Division I-AA Teams),Patriot League,Georgetown,http://espn.go.com/ncf/teams/roster?teamId=46FCS (Division I-AA Teams),Patriot League,Holy Cross,http://espn.go.com/ncf/teams/roster?teamId=107FCS (Division I-AA Teams),Patriot League,Lafayette,http://espn.go.com/ncf/teams/roster?teamId=322FCS (Division I-AA Teams),Patriot League,Lehigh,http://espn.go.com/ncf/teams/roster?teamId=2329FCS (Division I-AA Teams),Pioneer,Butler,http://espn.go.com/ncf/teams/roster?teamId=2086FCS (Division I-AA Teams),Pioneer,Campbell,http://espn.go.com/ncf/teams/roster?teamId=2097FCS (Division I-AA Teams),Pioneer,Davidson,http://espn.go.com/ncf/teams/roster?teamId=2166FCS (Division I-AA Teams),Pioneer,Dayton,http://espn.go.com/ncf/teams/roster?teamId=2168FCS (Division I-AA Teams),Pioneer,Drake,http://espn.go.com/ncf/teams/roster?teamId=2181FCS (Division I-AA Teams),Pioneer,Jacksonville,http://espn.go.com/ncf/teams/roster?teamId=294FCS (Division I-AA Teams),Pioneer,Marist,http://espn.go.com/ncf/teams/roster?teamId=2368FCS (Division I-AA Teams),Pioneer,Mercer,http://espn.go.com/ncf/teams/roster?teamId=2382FCS (Division I-AA Teams),Pioneer,Morehead State,http://espn.go.com/ncf/teams/roster?teamId=2413FCS (Division I-AA Teams),Pioneer,San Diego,http://espn.go.com/ncf/teams/roster?teamId=301FCS (Division I-AA Teams),Pioneer,Stetson,http://espn.go.com/ncf/teams/roster?teamId=56FCS (Division I-AA Teams),Pioneer,Valparaiso,http://espn.go.com/ncf/teams/roster?teamId=2674FCS (Division I-AA Teams),Southern,Appalachian State,http://espn.go.com/ncf/teams/roster?teamId=2026FCS (Division I-AA Teams),Southern,Chattanooga,http://espn.go.com/ncf/teams/roster?teamId=236FCS (Division I-AA Teams),Southern,Citadel,http://espn.go.com/ncf/teams/roster?teamId=2643FCS (Division I-AA Teams),Southern,Elon,http://espn.go.com/ncf/teams/roster?teamId=2210FCS (Division I-AA Teams),Southern,Furman,http://espn.go.com/ncf/teams/roster?teamId=231FCS (Division I-AA Teams),Southern,Georgia Southern,http://espn.go.com/ncf/teams/roster?teamId=290FCS (Division I-AA Teams),Southern,Samford,http://espn.go.com/ncf/teams/roster?teamId=2535FCS (Division I-AA Teams),Southern,Western Carolina,http://espn.go.com/ncf/teams/roster?teamId=2717FCS (Division I-AA Teams),Southern,Wofford,http://espn.go.com/ncf/teams/roster?teamId=2747FCS (Division I-AA Teams),Southland,Central Arkansas,http://espn.go.com/ncf/teams/roster?teamId=2110FCS (Division I-AA Teams),Southland,Lamar,http://espn.go.com/ncf/teams/roster?teamId=2320FCS (Division I-AA Teams),Southland,McNeese State,http://espn.go.com/ncf/teams/roster?teamId=2377FCS (Division I-AA Teams),Southland,Nicholls State,http://espn.go.com/ncf/teams/roster?teamId=2447FCS (Division I-AA Teams),Southland,Northwestern State,http://espn.go.com/ncf/teams/roster?teamId=2466FCS (Division I-AA Teams),Southland,Sam Houston State,http://espn.go.com/ncf/teams/roster?teamId=2534FCS (Division I-AA Teams),Southland,Southeastern Louisiana,http://espn.go.com/ncf/teams/roster?teamId=2545FCS (Division I-AA Teams),Southland,Stephen F. Austin,http://espn.go.com/ncf/teams/roster?teamId=2617FCS (Division I-AA Teams),SWAC,Alabama A&M,http://espn.go.com/ncf/teams/roster?teamId=2010FCS (Division I-AA Teams),SWAC,Alabama State,http://espn.go.com/ncf/teams/roster?teamId=2011FCS (Division I-AA Teams),SWAC,Alcorn State,http://espn.go.com/ncf/teams/roster?teamId=2016FCS (Division I-AA Teams),SWAC,Arkansas-Pine Bluff,http://espn.go.com/ncf/teams/roster?teamId=2029FCS (Division I-AA Teams),SWAC,Grambling State,http://espn.go.com/ncf/teams/roster?teamId=2755FCS (Division I-AA Teams),SWAC,Jackson State,http://espn.go.com/ncf/teams/roster?teamId=2296FCS (Division I-AA Teams),SWAC,Mississippi Valley State,http://espn.go.com/ncf/teams/roster?teamId=2400FCS (Division I-AA Teams),SWAC,Prairie View A&M,http://espn.go.com/ncf/teams/roster?teamId=2504FCS (Division I-AA Teams),SWAC,Southern University,http://espn.go.com/ncf/teams/roster?teamId=2582FCS (Division I-AA Teams),SWAC,Texas Southern,http://espn.go.com/ncf/teams/roster?teamId=2640