America East,America East,Albany,http://espn.go.com/ncb/teams/roster?teamId=399
America East,America East,Binghamton,http://espn.go.com/ncb/teams/roster?teamId=2066
America East,America East,Hartford,http://espn.go.com/ncb/teams/roster?teamId=42
America East,America East,Maine,http://espn.go.com/ncb/teams/roster?teamId=311
America East,America East,New Hampshire,http://espn.go.com/ncb/teams/roster?teamId=160
America East,America East,Stony Brook,http://espn.go.com/ncb/teams/roster?teamId=2619
America East,America East,UMass Lowell,http://espn.go.com/ncb/teams/roster?teamId=2349
America East,America East,UMBC,http://espn.go.com/ncb/teams/roster?teamId=2378
America East,America East,Vermont,http://espn.go.com/ncb/teams/roster?teamId=261
America East,American,Cincinnati,http://espn.go.com/ncb/teams/roster?teamId=2132
America East,American,Connecticut,http://espn.go.com/ncb/teams/roster?teamId=41
America East,American,East Carolina,http://espn.go.com/ncb/teams/roster?teamId=151
America East,American,Houston,http://espn.go.com/ncb/teams/roster?teamId=248
America East,American,Memphis,http://espn.go.com/ncb/teams/roster?teamId=235
America East,American,South Florida,http://espn.go.com/ncb/teams/roster?teamId=58
America East,American,SMU,http://espn.go.com/ncb/teams/roster?teamId=2567
America East,American,Temple,http://espn.go.com/ncb/teams/roster?teamId=218
America East,American,Tulane,http://espn.go.com/ncb/teams/roster?teamId=2655
America East,American,Tulsa,http://espn.go.com/ncb/teams/roster?teamId=202
America East,American,UCF,http://espn.go.com/ncb/teams/roster?teamId=2116
America East,Atlantic 10,Davidson,http://espn.go.com/ncb/teams/roster?teamId=2166
America East,Atlantic 10,Dayton,http://espn.go.com/ncb/teams/roster?teamId=2168
America East,Atlantic 10,Duquesne,http://espn.go.com/ncb/teams/roster?teamId=2184
America East,Atlantic 10,Fordham,http://espn.go.com/ncb/teams/roster?teamId=2230
America East,Atlantic 10,George Mason,http://espn.go.com/ncb/teams/roster?teamId=2244
America East,Atlantic 10,G. Washington,http://espn.go.com/ncb/teams/roster?teamId=45
America East,Atlantic 10,La Salle,http://espn.go.com/ncb/teams/roster?teamId=2325
America East,Atlantic 10,Massachusetts,http://espn.go.com/ncb/teams/roster?teamId=113
America East,Atlantic 10,Rhode Island,http://espn.go.com/ncb/teams/roster?teamId=227
America East,Atlantic 10,Richmond,http://espn.go.com/ncb/teams/roster?teamId=257
America East,Atlantic 10,Saint Joseph's,http://espn.go.com/ncb/teams/roster?teamId=2603
America East,Atlantic 10,Saint Louis,http://espn.go.com/ncb/teams/roster?teamId=139
America East,Atlantic 10,St. Bonaventure,http://espn.go.com/ncb/teams/roster?teamId=179
America East,Atlantic 10,VCU,http://espn.go.com/ncb/teams/roster?teamId=2670
America East,ACC,Boston College,http://espn.go.com/ncb/teams/roster?teamId=103
America East,ACC,Clemson,http://espn.go.com/ncb/teams/roster?teamId=228
America East,ACC,Duke,http://espn.go.com/ncb/teams/roster?teamId=150
America East,ACC,Florida State,http://espn.go.com/ncb/teams/roster?teamId=52
America East,ACC,Georgia Tech,http://espn.go.com/ncb/teams/roster?teamId=59
America East,ACC,Louisville,http://espn.go.com/ncb/teams/roster?teamId=97
America East,ACC,Miami (FL),http://espn.go.com/ncb/teams/roster?teamId=2390
America East,ACC,North Carolina,http://espn.go.com/ncb/teams/roster?teamId=153
America East,ACC,NC State,http://espn.go.com/ncb/teams/roster?teamId=152
America East,ACC,Notre Dame,http://espn.go.com/ncb/teams/roster?teamId=87
America East,ACC,Pittsburgh,http://espn.go.com/ncb/teams/roster?teamId=221
America East,ACC,Syracuse,http://espn.go.com/ncb/teams/roster?teamId=183
America East,ACC,Virginia,http://espn.go.com/ncb/teams/roster?teamId=258
America East,ACC,Virginia Tech,http://espn.go.com/ncb/teams/roster?teamId=259
America East,ACC,Wake Forest,http://espn.go.com/ncb/teams/roster?teamId=154
America East,Atlantic Sun,FGCU,http://espn.go.com/ncb/teams/roster?teamId=526
America East,Atlantic Sun,Jacksonville,http://espn.go.com/ncb/teams/roster?teamId=294
America East,Atlantic Sun,Kennesaw State,http://espn.go.com/ncb/teams/roster?teamId=338
America East,Atlantic Sun,Lipscomb,http://espn.go.com/ncb/teams/roster?teamId=288
America East,Atlantic Sun,North Florida,http://espn.go.com/ncb/teams/roster?teamId=2454
America East,Atlantic Sun,NKU,http://espn.go.com/ncb/teams/roster?teamId=94
America East,Atlantic Sun,Stetson,http://espn.go.com/ncb/teams/roster?teamId=56
America East,Atlantic Sun,USC Upstate,http://espn.go.com/ncb/teams/roster?teamId=2908
America East,Big 12,Baylor,http://espn.go.com/ncb/teams/roster?teamId=239
America East,Big 12,Iowa State,http://espn.go.com/ncb/teams/roster?teamId=66
America East,Big 12,Kansas,http://espn.go.com/ncb/teams/roster?teamId=2305
America East,Big 12,Kansas State,http://espn.go.com/ncb/teams/roster?teamId=2306
America East,Big 12,Oklahoma,http://espn.go.com/ncb/teams/roster?teamId=201
America East,Big 12,Oklahoma State,http://espn.go.com/ncb/teams/roster?teamId=197
America East,Big 12,TCU,http://espn.go.com/ncb/teams/roster?teamId=2628
America East,Big 12,Texas,http://espn.go.com/ncb/teams/roster?teamId=251
America East,Big 12,Texas Tech,http://espn.go.com/ncb/teams/roster?teamId=2641
America East,Big 12,West Virginia,http://espn.go.com/ncb/teams/roster?teamId=277
America East,Big East,Butler,http://espn.go.com/ncb/teams/roster?teamId=2086
America East,Big East,Creighton,http://espn.go.com/ncb/teams/roster?teamId=156
America East,Big East,DePaul,http://espn.go.com/ncb/teams/roster?teamId=305
America East,Big East,Georgetown,http://espn.go.com/ncb/teams/roster?teamId=46
America East,Big East,Marquette,http://espn.go.com/ncb/teams/roster?teamId=269
America East,Big East,Providence,http://espn.go.com/ncb/teams/roster?teamId=2507
America East,Big East,Seton Hall,http://espn.go.com/ncb/teams/roster?teamId=2550
America East,Big East,St. John's,http://espn.go.com/ncb/teams/roster?teamId=2599
America East,Big East,Villanova,http://espn.go.com/ncb/teams/roster?teamId=222
America East,Big East,Xavier,http://espn.go.com/ncb/teams/roster?teamId=2752
America East,Big Sky,E Washington,http://espn.go.com/ncb/teams/roster?teamId=331
America East,Big Sky,Idaho,http://espn.go.com/ncb/teams/roster?teamId=70
America East,Big Sky,Idaho State,http://espn.go.com/ncb/teams/roster?teamId=304
America East,Big Sky,Montana,http://espn.go.com/ncb/teams/roster?teamId=149
America East,Big Sky,Montana State,http://espn.go.com/ncb/teams/roster?teamId=147
America East,Big Sky,North Dakota,http://espn.go.com/ncb/teams/roster?teamId=155
America East,Big Sky,N Arizona,http://espn.go.com/ncb/teams/roster?teamId=2464
America East,Big Sky,N Colorado,http://espn.go.com/ncb/teams/roster?teamId=2458
America East,Big Sky,Portland State,http://espn.go.com/ncb/teams/roster?teamId=2502
America East,Big Sky,Sacramento St,http://espn.go.com/ncb/teams/roster?teamId=16
America East,Big Sky,Southern Utah,http://espn.go.com/ncb/teams/roster?teamId=253
America East,Big Sky,Weber State,http://espn.go.com/ncb/teams/roster?teamId=2692
America East,Big South,Campbell,http://espn.go.com/ncb/teams/roster?teamId=2097
America East,Big South,Charl Southern,http://espn.go.com/ncb/teams/roster?teamId=2127
America East,Big South,Coast Carolina,http://espn.go.com/ncb/teams/roster?teamId=324
America East,Big South,Gardner-Webb,http://espn.go.com/ncb/teams/roster?teamId=2241
America East,Big South,High Point,http://espn.go.com/ncb/teams/roster?teamId=2272
America East,Big South,Liberty,http://espn.go.com/ncb/teams/roster?teamId=2335
America East,Big South,Longwood,http://espn.go.com/ncb/teams/roster?teamId=2344
America East,Big South,Presbyterian,http://espn.go.com/ncb/teams/roster?teamId=2506
America East,Big South,Radford,http://espn.go.com/ncb/teams/roster?teamId=2515
America East,Big South,UNC Asheville,http://espn.go.com/ncb/teams/roster?teamId=2427
America East,Big South,Winthrop,http://espn.go.com/ncb/teams/roster?teamId=2737
America East,Big Ten,Illinois,http://espn.go.com/ncb/teams/roster?teamId=356
America East,Big Ten,Indiana,http://espn.go.com/ncb/teams/roster?teamId=84
America East,Big Ten,Iowa,http://espn.go.com/ncb/teams/roster?teamId=2294
America East,Big Ten,Maryland,http://espn.go.com/ncb/teams/roster?teamId=120
America East,Big Ten,Michigan,http://espn.go.com/ncb/teams/roster?teamId=130
America East,Big Ten,Michigan State,http://espn.go.com/ncb/teams/roster?teamId=127
America East,Big Ten,Minnesota,http://espn.go.com/ncb/teams/roster?teamId=135
America East,Big Ten,Nebraska,http://espn.go.com/ncb/teams/roster?teamId=158
America East,Big Ten,Northwestern,http://espn.go.com/ncb/teams/roster?teamId=77
America East,Big Ten,Ohio State,http://espn.go.com/ncb/teams/roster?teamId=194
America East,Big Ten,Penn State,http://espn.go.com/ncb/teams/roster?teamId=213
America East,Big Ten,Purdue,http://espn.go.com/ncb/teams/roster?teamId=2509
America East,Big Ten,Rutgers,http://espn.go.com/ncb/teams/roster?teamId=164
America East,Big Ten,Wisconsin,http://espn.go.com/ncb/teams/roster?teamId=275
America East,Big West,Cal Poly,http://espn.go.com/ncb/teams/roster?teamId=13
America East,Big West,CS Fullerton,http://espn.go.com/ncb/teams/roster?teamId=2239
America East,Big West,CS Northridge,http://espn.go.com/ncb/teams/roster?teamId=2463
America East,Big West,Hawaii,http://espn.go.com/ncb/teams/roster?teamId=62
America East,Big West,Long Beach St,http://espn.go.com/ncb/teams/roster?teamId=299
America East,Big West,UC Davis,http://espn.go.com/ncb/teams/roster?teamId=302
America East,Big West,UC Irvine,http://espn.go.com/ncb/teams/roster?teamId=300
America East,Big West,UC Riverside,http://espn.go.com/ncb/teams/roster?teamId=27
America East,Big West,UC Santa Barbara,http://espn.go.com/ncb/teams/roster?teamId=2540
America East,Colonial,Charleston,http://espn.go.com/ncb/teams/roster?teamId=232
America East,Colonial,Delaware,http://espn.go.com/ncb/teams/roster?teamId=48
America East,Colonial,Drexel,http://espn.go.com/ncb/teams/roster?teamId=2182
America East,Colonial,Elon,http://espn.go.com/ncb/teams/roster?teamId=2210
America East,Colonial,Hofstra,http://espn.go.com/ncb/teams/roster?teamId=2275
America East,Colonial,James Madison,http://espn.go.com/ncb/teams/roster?teamId=256
America East,Colonial,UNC-Wilmington,http://espn.go.com/ncb/teams/roster?teamId=350
America East,Colonial,Northeastern,http://espn.go.com/ncb/teams/roster?teamId=111
America East,Colonial,Towson,http://espn.go.com/ncb/teams/roster?teamId=119
America East,Colonial,William & Mary,http://espn.go.com/ncb/teams/roster?teamId=2729
America East,Conference USA,Charlotte,http://espn.go.com/ncb/teams/roster?teamId=2429
America East,Conference USA,Florida Atl,http://espn.go.com/ncb/teams/roster?teamId=2226
America East,Conference USA,FIU,http://espn.go.com/ncb/teams/roster?teamId=2229
America East,Conference USA,Louisiana Tech,http://espn.go.com/ncb/teams/roster?teamId=2348
America East,Conference USA,Marshall,http://espn.go.com/ncb/teams/roster?teamId=276
America East,Conference USA,Middle Tennessee,http://espn.go.com/ncb/teams/roster?teamId=2393
America East,Conference USA,North Texas,http://espn.go.com/ncb/teams/roster?teamId=249
America East,Conference USA,Old Dominion,http://espn.go.com/ncb/teams/roster?teamId=295
America East,Conference USA,Rice,http://espn.go.com/ncb/teams/roster?teamId=242
America East,Conference USA,Southern Miss,http://espn.go.com/ncb/teams/roster?teamId=2572
America East,Conference USA,UAB,http://espn.go.com/ncb/teams/roster?teamId=5
America East,Conference USA,UTEP,http://espn.go.com/ncb/teams/roster?teamId=2638
America East,Conference USA,UTSA,http://espn.go.com/ncb/teams/roster?teamId=2636
America East,Conference USA,W Kentucky,http://espn.go.com/ncb/teams/roster?teamId=98
America East,Independents,N.J.I.T.,http://espn.go.com/ncb/teams/roster?teamId=2885
America East,Horizon,Cleveland State,http://espn.go.com/ncb/teams/roster?teamId=325
America East,Horizon,Detroit,http://espn.go.com/ncb/teams/roster?teamId=2174
America East,Horizon,Green Bay,http://espn.go.com/ncb/teams/roster?teamId=2739
America East,Horizon,UIC,http://espn.go.com/ncb/teams/roster?teamId=82
America East,Horizon,Milwaukee,http://espn.go.com/ncb/teams/roster?teamId=270
America East,Horizon,Oakland,http://espn.go.com/ncb/teams/roster?teamId=2473
America East,Horizon,Valparaiso,http://espn.go.com/ncb/teams/roster?teamId=2674
America East,Horizon,Wright State,http://espn.go.com/ncb/teams/roster?teamId=2750
America East,Horizon,Youngstown St,http://espn.go.com/ncb/teams/roster?teamId=2754
America East,Ivy,Brown,http://espn.go.com/ncb/teams/roster?teamId=225
America East,Ivy,Columbia,http://espn.go.com/ncb/teams/roster?teamId=171
America East,Ivy,Cornell,http://espn.go.com/ncb/teams/roster?teamId=172
America East,Ivy,Dartmouth,http://espn.go.com/ncb/teams/roster?teamId=159
America East,Ivy,Harvard,http://espn.go.com/ncb/teams/roster?teamId=108
America East,Ivy,Pennsylvania,http://espn.go.com/ncb/teams/roster?teamId=219
America East,Ivy,Princeton,http://espn.go.com/ncb/teams/roster?teamId=163
America East,Ivy,Yale,http://espn.go.com/ncb/teams/roster?teamId=43
America East,MAAC,Canisius,http://espn.go.com/ncb/teams/roster?teamId=2099
America East,MAAC,Fairfield,http://espn.go.com/ncb/teams/roster?teamId=2217
America East,MAAC,Iona,http://espn.go.com/ncb/teams/roster?teamId=314
America East,MAAC,Manhattan,http://espn.go.com/ncb/teams/roster?teamId=2363
America East,MAAC,Marist,http://espn.go.com/ncb/teams/roster?teamId=2368
America East,MAAC,Monmouth,http://espn.go.com/ncb/teams/roster?teamId=2405
America East,MAAC,Niagara,http://espn.go.com/ncb/teams/roster?teamId=315
America East,MAAC,Quinnipiac,http://espn.go.com/ncb/teams/roster?teamId=2514
America East,MAAC,Rider,http://espn.go.com/ncb/teams/roster?teamId=2520
America East,MAAC,Siena,http://espn.go.com/ncb/teams/roster?teamId=2561
America East,MAAC,St. Peter's,http://espn.go.com/ncb/teams/roster?teamId=2612
Mid-American,Mid-American,Akron,http://espn.go.com/ncb/teams/roster?teamId=2006
Mid-American,Mid-American,Ball State,http://espn.go.com/ncb/teams/roster?teamId=2050
Mid-American,Mid-American,Bowling Green,http://espn.go.com/ncb/teams/roster?teamId=189
Mid-American,Mid-American,Buffalo,http://espn.go.com/ncb/teams/roster?teamId=2084
Mid-American,Mid-American,Cent Michigan,http://espn.go.com/ncb/teams/roster?teamId=2117
Mid-American,Mid-American,E Michigan,http://espn.go.com/ncb/teams/roster?teamId=2199
Mid-American,Mid-American,Kent State,http://espn.go.com/ncb/teams/roster?teamId=2309
Mid-American,Mid-American,Miami (OH),http://espn.go.com/ncb/teams/roster?teamId=193
Mid-American,Mid-American,N Illinois,http://espn.go.com/ncb/teams/roster?teamId=2459
Mid-American,Mid-American,Ohio,http://espn.go.com/ncb/teams/roster?teamId=195
Mid-American,Mid-American,Toledo,http://espn.go.com/ncb/teams/roster?teamId=2649
Mid-American,Mid-American,W Michigan,http://espn.go.com/ncb/teams/roster?teamId=2711
Mid-American,MEAC,Bethune-Cookman,http://espn.go.com/ncb/teams/roster?teamId=2065
Mid-American,MEAC,Coppin State,http://espn.go.com/ncb/teams/roster?teamId=2154
Mid-American,MEAC,Delaware State,http://espn.go.com/ncb/teams/roster?teamId=2169
Mid-American,MEAC,Florida A&M;,http://espn.go.com/ncb/teams/roster?teamId=50
Mid-American,MEAC,Hampton,http://espn.go.com/ncb/teams/roster?teamId=2261
Mid-American,MEAC,Howard,http://espn.go.com/ncb/teams/roster?teamId=47
Mid-American,MEAC,MD-E Shore,http://espn.go.com/ncb/teams/roster?teamId=2379
Mid-American,MEAC,Morgan State,http://espn.go.com/ncb/teams/roster?teamId=2415
Mid-American,MEAC,Norfolk State,http://espn.go.com/ncb/teams/roster?teamId=2450
Mid-American,MEAC,N Carolina A&T;,http://espn.go.com/ncb/teams/roster?teamId=2448
Mid-American,MEAC,N Carolina Cent,http://espn.go.com/ncb/teams/roster?teamId=2428
Mid-American,MEAC,Savannah State,http://espn.go.com/ncb/teams/roster?teamId=2542
Mid-American,MEAC,S Carolina St,http://espn.go.com/ncb/teams/roster?teamId=2569
Mid-American,Missouri Valley,Bradley,http://espn.go.com/ncb/teams/roster?teamId=71
Mid-American,Missouri Valley,Drake,http://espn.go.com/ncb/teams/roster?teamId=2181
Mid-American,Missouri Valley,Evansville,http://espn.go.com/ncb/teams/roster?teamId=339
Mid-American,Missouri Valley,Illinois State,http://espn.go.com/ncb/teams/roster?teamId=2287
Mid-American,Missouri Valley,Indiana State,http://espn.go.com/ncb/teams/roster?teamId=282
Mid-American,Missouri Valley,Loyola (IL),http://espn.go.com/ncb/teams/roster?teamId=2350
Mid-American,Missouri Valley,Missouri State,http://espn.go.com/ncb/teams/roster?teamId=2623
Mid-American,Missouri Valley,Northern Iowa,http://espn.go.com/ncb/teams/roster?teamId=2460
Mid-American,Missouri Valley,S Illinois,http://espn.go.com/ncb/teams/roster?teamId=79
Mid-American,Missouri Valley,Wichita State,http://espn.go.com/ncb/teams/roster?teamId=2724
Mid-American,Mountain West,Air Force,http://espn.go.com/ncb/teams/roster?teamId=2005
Mid-American,Mountain West,Boise State,http://espn.go.com/ncb/teams/roster?teamId=68
Mid-American,Mountain West,Colorado State,http://espn.go.com/ncb/teams/roster?teamId=36
Mid-American,Mountain West,Fresno State,http://espn.go.com/ncb/teams/roster?teamId=278
Mid-American,Mountain West,Nevada,http://espn.go.com/ncb/teams/roster?teamId=2440
Mid-American,Mountain West,New Mexico,http://espn.go.com/ncb/teams/roster?teamId=167
Mid-American,Mountain West,San Diego State,http://espn.go.com/ncb/teams/roster?teamId=21
Mid-American,Mountain West,San Jose State,http://espn.go.com/ncb/teams/roster?teamId=23
Mid-American,Mountain West,UNLV,http://espn.go.com/ncb/teams/roster?teamId=2439
Mid-American,Mountain West,Utah State,http://espn.go.com/ncb/teams/roster?teamId=328
Mid-American,Mountain West,Wyoming,http://espn.go.com/ncb/teams/roster?teamId=2751
Mid-American,Northeast,Bryant,http://espn.go.com/ncb/teams/roster?teamId=2803
Mid-American,Northeast,Cent Conn St,http://espn.go.com/ncb/teams/roster?teamId=2115
Mid-American,Northeast,Fair Dickinson,http://espn.go.com/ncb/teams/roster?teamId=161
Mid-American,Northeast,LIU Brooklyn,http://espn.go.com/ncb/teams/roster?teamId=2341
Mid-American,Northeast,Mount St Mary's,http://espn.go.com/ncb/teams/roster?teamId=116
Mid-American,Northeast,Robert Morris,http://espn.go.com/ncb/teams/roster?teamId=2523
Mid-American,Northeast,Sacred Heart,http://espn.go.com/ncb/teams/roster?teamId=2529
Mid-American,Northeast,St Francis (NY),http://espn.go.com/ncb/teams/roster?teamId=2597
Mid-American,Northeast,St Francis (PA),http://espn.go.com/ncb/teams/roster?teamId=2598
Mid-American,Northeast,Wagner,http://espn.go.com/ncb/teams/roster?teamId=2681
Mid-American,Ohio Valley,Austin Peay,http://espn.go.com/ncb/teams/roster?teamId=2046
Mid-American,Ohio Valley,Belmont,http://espn.go.com/ncb/teams/roster?teamId=2057
Mid-American,Ohio Valley,E Illinois,http://espn.go.com/ncb/teams/roster?teamId=2197
Mid-American,Ohio Valley,E Kentucky,http://espn.go.com/ncb/teams/roster?teamId=2198
Mid-American,Ohio Valley,Jacksonville St,http://espn.go.com/ncb/teams/roster?teamId=55
Mid-American,Ohio Valley,Morehead State,http://espn.go.com/ncb/teams/roster?teamId=2413
Mid-American,Ohio Valley,Murray State,http://espn.go.com/ncb/teams/roster?teamId=93
Mid-American,Ohio Valley,SIU Edwardsville,http://espn.go.com/ncb/teams/roster?teamId=2565
Mid-American,Ohio Valley,SE Missouri St,http://espn.go.com/ncb/teams/roster?teamId=2546
Mid-American,Ohio Valley,Tenn St,http://espn.go.com/ncb/teams/roster?teamId=2634
Mid-American,Ohio Valley,Tenn Tech,http://espn.go.com/ncb/teams/roster?teamId=2635
Mid-American,Ohio Valley,UT Martin,http://espn.go.com/ncb/teams/roster?teamId=2630
Mid-American,Pac-12,Arizona,http://espn.go.com/ncb/teams/roster?teamId=12
Mid-American,Pac-12,Arizona State,http://espn.go.com/ncb/teams/roster?teamId=9
Mid-American,Pac-12,California,http://espn.go.com/ncb/teams/roster?teamId=25
Mid-American,Pac-12,Colorado,http://espn.go.com/ncb/teams/roster?teamId=38
Mid-American,Pac-12,Oregon,http://espn.go.com/ncb/teams/roster?teamId=2483
Mid-American,Pac-12,Oregon State,http://espn.go.com/ncb/teams/roster?teamId=204
Mid-American,Pac-12,Stanford,http://espn.go.com/ncb/teams/roster?teamId=24
Mid-American,Pac-12,UCLA,http://espn.go.com/ncb/teams/roster?teamId=26
Mid-American,Pac-12,USC,http://espn.go.com/ncb/teams/roster?teamId=30
Mid-American,Pac-12,Utah,http://espn.go.com/ncb/teams/roster?teamId=254
Mid-American,Pac-12,Washington,http://espn.go.com/ncb/teams/roster?teamId=264
Mid-American,Pac-12,Washington St,http://espn.go.com/ncb/teams/roster?teamId=265
Mid-American,Patriot League,American U,http://espn.go.com/ncb/teams/roster?teamId=44
Mid-American,Patriot League,Army,http://espn.go.com/ncb/teams/roster?teamId=349
Mid-American,Patriot League,Boston U,http://espn.go.com/ncb/teams/roster?teamId=104
Mid-American,Patriot League,Bucknell,http://espn.go.com/ncb/teams/roster?teamId=2083
Mid-American,Patriot League,Colgate,http://espn.go.com/ncb/teams/roster?teamId=2142
Mid-American,Patriot League,Holy Cross,http://espn.go.com/ncb/teams/roster?teamId=107
Mid-American,Patriot League,Lafayette,http://espn.go.com/ncb/teams/roster?teamId=322
Mid-American,Patriot League,Lehigh,http://espn.go.com/ncb/teams/roster?teamId=2329
Mid-American,Patriot League,Loyola (MD),http://espn.go.com/ncb/teams/roster?teamId=2352
Mid-American,Patriot League,Navy,http://espn.go.com/ncb/teams/roster?teamId=2426
Mid-American,SEC,Alabama,http://espn.go.com/ncb/teams/roster?teamId=333
Mid-American,SEC,Arkansas,http://espn.go.com/ncb/teams/roster?teamId=8
Mid-American,SEC,Auburn,http://espn.go.com/ncb/teams/roster?teamId=2
Mid-American,SEC,Florida,http://espn.go.com/ncb/teams/roster?teamId=57
Mid-American,SEC,Georgia,http://espn.go.com/ncb/teams/roster?teamId=61
Mid-American,SEC,Kentucky,http://espn.go.com/ncb/teams/roster?teamId=96
Mid-American,SEC,LSU,http://espn.go.com/ncb/teams/roster?teamId=99
Mid-American,SEC,Mississippi St,http://espn.go.com/ncb/teams/roster?teamId=344
Mid-American,SEC,Missouri,http://espn.go.com/ncb/teams/roster?teamId=142
Mid-American,SEC,Ole Miss,http://espn.go.com/ncb/teams/roster?teamId=145
Mid-American,SEC,South Carolina,http://espn.go.com/ncb/teams/roster?teamId=2579
Mid-American,SEC,Tennessee,http://espn.go.com/ncb/teams/roster?teamId=2633
Mid-American,SEC,Texas A&M;,http://espn.go.com/ncb/teams/roster?teamId=245
Mid-American,SEC,Vanderbilt,http://espn.go.com/ncb/teams/roster?teamId=238
Mid-American,Southern,Chattanooga,http://espn.go.com/ncb/teams/roster?teamId=236
Mid-American,Southern,The Citadel,http://espn.go.com/ncb/teams/roster?teamId=2643
Mid-American,Southern,East Tenn St,http://espn.go.com/ncb/teams/roster?teamId=2193
Mid-American,Southern,Furman,http://espn.go.com/ncb/teams/roster?teamId=231
Mid-American,Southern,Mercer,http://espn.go.com/ncb/teams/roster?teamId=2382
Mid-American,Southern,Samford,http://espn.go.com/ncb/teams/roster?teamId=2535
Mid-American,Southern,UNC Greensboro,http://espn.go.com/ncb/teams/roster?teamId=2430
Mid-American,Southern,VMI,http://espn.go.com/ncb/teams/roster?teamId=2678
Mid-American,Southern,W Carolina,http://espn.go.com/ncb/teams/roster?teamId=2717
Mid-American,Southern,Wofford,http://espn.go.com/ncb/teams/roster?teamId=2747
Mid-American,Southland,Abilene Christian,http://espn.go.com/ncb/teams/roster?teamId=2000
Mid-American,Southland,Cent Arkansas,http://espn.go.com/ncb/teams/roster?teamId=2110
Mid-American,Southland,Houston Baptist,http://espn.go.com/ncb/teams/roster?teamId=2277
Mid-American,Southland,Incarnate Word,http://espn.go.com/ncb/teams/roster?teamId=2916
Mid-American,Southland,Lamar,http://espn.go.com/ncb/teams/roster?teamId=2320
Mid-American,Southland,McNeese State,http://espn.go.com/ncb/teams/roster?teamId=2377
Mid-American,Southland,New Orleans,http://espn.go.com/ncb/teams/roster?teamId=2443
Mid-American,Southland,Nicholls State,http://espn.go.com/ncb/teams/roster?teamId=2447
Mid-American,Southland,Northwestern St,http://espn.go.com/ncb/teams/roster?teamId=2466
Mid-American,Southland,Sam Houston,http://espn.go.com/ncb/teams/roster?teamId=2534
Mid-American,Southland,SE Louisiana,http://espn.go.com/ncb/teams/roster?teamId=2545
Mid-American,Southland,SF Austin,http://espn.go.com/ncb/teams/roster?teamId=2617
Mid-American,Southland,Texas A&M-CC;,http://espn.go.com/ncb/teams/roster?teamId=357
Mid-American,SWAC,Alabama A&M;,http://espn.go.com/ncb/teams/roster?teamId=2010
Mid-American,SWAC,Alabama State,http://espn.go.com/ncb/teams/roster?teamId=2011
Mid-American,SWAC,Alcorn State,http://espn.go.com/ncb/teams/roster?teamId=2016
Mid-American,SWAC,AR-Pine Bluff,http://espn.go.com/ncb/teams/roster?teamId=2029
Mid-American,SWAC,Grambling St,http://espn.go.com/ncb/teams/roster?teamId=2755
Mid-American,SWAC,Jackson State,http://espn.go.com/ncb/teams/roster?teamId=2296
Mid-American,SWAC,Miss Valley St,http://espn.go.com/ncb/teams/roster?teamId=2400
Mid-American,SWAC,PV A&M;,http://espn.go.com/ncb/teams/roster?teamId=2504
Mid-American,SWAC,Southern,http://espn.go.com/ncb/teams/roster?teamId=2582
Mid-American,SWAC,Texas Southern,http://espn.go.com/ncb/teams/roster?teamId=2640
Mid-American,Summit League,Denver,http://espn.go.com/ncb/teams/roster?teamId=2172
Mid-American,Summit League,IPFW,http://espn.go.com/ncb/teams/roster?teamId=2870
Mid-American,Summit League,IUPUI,http://espn.go.com/ncb/teams/roster?teamId=85
Mid-American,Summit League,Omaha,http://espn.go.com/ncb/teams/roster?teamId=2437
Mid-American,Summit League,North Dakota St,http://espn.go.com/ncb/teams/roster?teamId=2449
Mid-American,Summit League,Oral Roberts,http://espn.go.com/ncb/teams/roster?teamId=198
Mid-American,Summit League,South Dakota,http://espn.go.com/ncb/teams/roster?teamId=233
Mid-American,Summit League,South Dakota St,http://espn.go.com/ncb/teams/roster?teamId=2571
Mid-American,Summit League,W Illinois,http://espn.go.com/ncb/teams/roster?teamId=2710
Mid-American,Sun Belt,Appalachian St,http://espn.go.com/ncb/teams/roster?teamId=2026
Mid-American,Sun Belt,Arkansas State,http://espn.go.com/ncb/teams/roster?teamId=2032
Mid-American,Sun Belt,AR-Little Rock,http://espn.go.com/ncb/teams/roster?teamId=2031
Mid-American,Sun Belt,Ga. Southern,http://espn.go.com/ncb/teams/roster?teamId=290
Mid-American,Sun Belt,Georgia State,http://espn.go.com/ncb/teams/roster?teamId=2247
Mid-American,Sun Belt,LA-Lafayette,http://espn.go.com/ncb/teams/roster?teamId=309
Mid-American,Sun Belt,UL Monroe,http://espn.go.com/ncb/teams/roster?teamId=2433
Mid-American,Sun Belt,South Alabama,http://espn.go.com/ncb/teams/roster?teamId=6
Mid-American,Sun Belt,Texas State,http://espn.go.com/ncb/teams/roster?teamId=326
Mid-American,Sun Belt,TX-Arlington,http://espn.go.com/ncb/teams/roster?teamId=250
Mid-American,Sun Belt,Troy,http://espn.go.com/ncb/teams/roster?teamId=2653
Mid-American,West Coast,BYU,http://espn.go.com/ncb/teams/roster?teamId=252
Mid-American,West Coast,Gonzaga,http://espn.go.com/ncb/teams/roster?teamId=2250
Mid-American,West Coast,Loyola Mary,http://espn.go.com/ncb/teams/roster?teamId=2351
Mid-American,West Coast,Pacific,http://espn.go.com/ncb/teams/roster?teamId=279
Mid-American,West Coast,Pepperdine,http://espn.go.com/ncb/teams/roster?teamId=2492
Mid-American,West Coast,Portland,http://espn.go.com/ncb/teams/roster?teamId=2501
Mid-American,West Coast,Saint Mary's,http://espn.go.com/ncb/teams/roster?teamId=2608
Mid-American,West Coast,San Diego,http://espn.go.com/ncb/teams/roster?teamId=301
Mid-American,West Coast,San Francisco,http://espn.go.com/ncb/teams/roster?teamId=2539
Mid-American,West Coast,Santa Clara,http://espn.go.com/ncb/teams/roster?teamId=2541
Mid-American,WAC,CSU Bakersfield,http://espn.go.com/ncb/teams/roster?teamId=2934
Mid-American,WAC,Chicago State,http://espn.go.com/ncb/teams/roster?teamId=2130
Mid-American,WAC,Grand Canyon,http://espn.go.com/ncb/teams/roster?teamId=2253
Mid-American,WAC,New Mexico St,http://espn.go.com/ncb/teams/roster?teamId=166
Mid-American,WAC,Seattle U,http://espn.go.com/ncb/teams/roster?teamId=2547
Mid-American,WAC,TX-Pan American,http://espn.go.com/ncb/teams/roster?teamId=292
Mid-American,WAC,UMKC,http://espn.go.com/ncb/teams/roster?teamId=140
Mid-American,WAC,Utah Valley,http://espn.go.com/ncb/teams/roster?teamId=3084
